{
    "db2" : {
        "h" : [-0.1294095226, 0.2241438680, 0.8365163037, 0.4829629131], 
        "g" : [-0.4829629131, 0.8365163037, -0.2241438680, -0.1294095226]
    }, 
    "db3" : {
        "h" : [0.035226291882100656, -0.08544127388224149, -0.13501102001039084, 0.4598775021193313, 0.8068915093133388, 0.3326705529509569 ], 
        "g" : [-0.3326705529509569, 0.8068915093133388, -0.4598775021193313, -0.13501102001039084, 0.08544127388224149, 0.035226291882100656 ]
    }, 
    "db4" : {
        "h" : [-0.010597401784997278, 0.032883011666982945, 0.030841381835986965, -0.18703481171888114, -0.02798376941698385, 0.6308807679295904, 0.7148465705525415, 0.23037781330885523],
        "g" : [-0.23037781330885523, 0.7148465705525415, -0.6308807679295904, -0.02798376941698385, 0.18703481171888114, 0.030841381835986965, -0.032883011666982945, -0.010597401784997278]
    
    }, 
    "db6" : {
        "h" : [-0.00107730108499558, 0.004777257511010651, 0.0005538422009938016, -0.031582039318031156
        0.02752286553001629, 0.09750160558707936, -0.12976686756709563, -0.22626469396516913, 0.3152503517092432,
        0.7511339080215775, 0.4946238903983854, 0.11154074335008017
    ], 
    "g" : [-0.11154074335008017, 0.4946238903983854, -0.7511339080215775, 0.3152503517092432, 0.22626469396516913, 
    -0.12976686756709563, -0.09750160558707936, 0.02752286553001629, 0.031582039318031156, 0.0005538422009938016, 
    -0.004777257511010651, -0.00107730108499558
    ]
    }
    
}